URL,Last crawled
http://www.equipdirect.com/,"Jul 17, 2019"
http://www.equipdirect.com/waterbarricades.aspx,"Jul 17, 2019"
http://www.equipdirect.com/restrictedarea.aspx,"Jul 17, 2019"
http://www.equipdirect.com/goldbondtripleactionmedicatedbodypowder10oz.aspx,"Jul 17, 2019"
http://www.equipdirect.com/noticecleanequipmentafteruse7x10rigidplastic-n124r.aspx,"Jul 17, 2019"
http://www.equipdirect.com/safetyfirstputtoolsbackintheirproperplace7x10rigidplastic-sf132r.aspx,"Jul 17, 2019"
http://www.equipdirect.com/cautionwearsafetyshoesinthisarea7x10rigidplastic-c379r.aspx,"Jul 17, 2019"
http://www.equipdirect.com/postercranehandsignals24x18laminated-pst110.aspx,"Jul 17, 2019"
http://www.equipdirect.com/FallTech-7393-Rotating-Bolt-on-D-Ring-Anchor-10k-for-Steel.aspx,"Jul 17, 2019"
http://www.equipdirect.com/noticedonotthrowpapertowelsintoilet10x14040alum-n261ab.aspx,"Jul 17, 2019"
http://www.equipdirect.com/thinkthismachinehasnobrainuseyourown10x14rigidplastic-ts125rb.aspx,"Jul 17, 2019"
http://www.equipdirect.com/noticenoentryunlessauthorized10x14040alum-n307ab.aspx,"Jul 17, 2019"
http://www.equipdirect.com/restrictedareaonlyauthorizedpersonstoenterthisareagraphic10x14rigidplastic-ra24rb.aspx,"Jul 17, 2019"
http://www.equipdirect.com/hardhademblemwhitecrosssymbol2diapsvinyl-hh30.aspx,"Jul 17, 2019"
http://www.equipdirect.com/nosmokingeatingordrinkinginthisareagraphics10x14psvinyl-m760pb.aspx,"Jul 16, 2019"
http://www.equipdirect.com/restrictedareanoadmittancewithoutauthorization10x14040alum-ra18ab.aspx,"Jul 16, 2019"
http://www.equipdirect.com/imosymbolportablefoamapplicator6x6glowvinyllaminated-imo114p.aspx,"Jul 16, 2019"
http://www.equipdirect.com/imosymbolgasdetector6x6glowrigidlaminated-imo142r.aspx,"Jul 16, 2019"
http://www.equipdirect.com/posterforklifthandsignals24x18laminated-pst109.aspx,"Jul 16, 2019"
http://www.equipdirect.com/arearestringidapersonalnoautorizadomantengaseafuera10x14040alum-spra29ab.aspx,"Jul 16, 2019"
http://www.equipdirect.com/incaseoffireinstructionsforhospitalwgraphic7x7psvinyl-s35p.aspx,"Jul 16, 2019"
http://www.equipdirect.com/imosymbolfirestation6x6glowvinyllaminated-imo181p.aspx,"Jul 16, 2019"
http://www.equipdirect.com/dangercutseverhazardgraphic3x5psvinly5pk-dga22ap.aspx,"Jul 16, 2019"
http://www.equipdirect.com/FallTech62100ASteelGripCoilEnergyAbsorberwithInstallHardware.aspx,"Jul 15, 2019"
http://www.equipdirect.com/privacy-policy.aspx,"Jul 14, 2019"
http://www.equipdirect.com/leather-palm-glove-1pair.aspx,"Jul 14, 2019"
http://www.equipdirect.com/1-Person-3Day-Emergency-Survival-Kit.aspx,"Jul 13, 2019"
http://www.equipdirect.com/lettercard2h10letterscardpscloth-lps5h.aspx,"Jul 13, 2019"
http://www.equipdirect.com/73-402-MDI-CPR-Micro-Mask-with-Gloves-and-soft-Case.aspx,"Jul 13, 2019"
http://www.equipdirect.com/noticethisdoortoremainunlockedduringbusinesshours10x14040alum-n348ab.aspx,"Jul 13, 2019"
http://www.equipdirect.com/4729G-A-Grip-Blue-Latex-Coated-Palm-Glove.aspx,"Jul 13, 2019"
http://www.equipdirect.com/cuidadouseequipodeproteccion10x14040alum-spc369ab.aspx,"Jul 13, 2019"
http://www.equipdirect.com/16036-HIWB-1236OrangeEnviro-Conewith12lbbaseand4and6Reflective.aspx,"Jul 12, 2019"
http://www.equipdirect.com/californiaprop65warningthisareacontainschemicals10x10psvinyl-cp9p.aspx,"Jul 12, 2019"
http://www.equipdirect.com/cylinderlabelscarbondioxide2x514psvinyl25pk-cy103ap.aspx,"Jul 12, 2019"
http://www.equipdirect.com/19122progardcoverallwithhoodandboots25ctcase.aspx,"Jul 12, 2019"
http://www.equipdirect.com/7414P-Weld-On-Plate-Bolt-D-Ring-Plate-Anchor.aspx,"Jul 12, 2019"
http://www.equipdirect.com/c16002qgbclass2-limesafetyvestblackbottom.aspx,"Jul 12, 2019"
http://www.equipdirect.com/noticenon-potablewaterdonotdrink10x14psvinyl-n321pb.aspx,"Jul 12, 2019"
http://www.equipdirect.com/containerlabelsethylacetate314x5psvinyl10pk-hc235.aspx,"Jul 12, 2019"
http://www.equipdirect.com/DraegerX-AM25004gasmonitorEx/O2/CO/H2S.aspx,"Jul 12, 2019"
http://www.equipdirect.com/dangerdonotclimbsitwalkorrideonconveyorgraphic3x5psvinly5pk-dga24ap.aspx,"Jul 12, 2019"
http://www.equipdirect.com/graphicschoolcrossingsymbol30x30080dgrefalum-tm301dg.aspx,"Jul 12, 2019"
http://www.equipdirect.com/standardweightterryclothgloves.aspx,"Jul 12, 2019"
http://www.equipdirect.com/imosymbolfirepump6x6glowvinyllaminated-imo123p.aspx,"Jul 12, 2019"
http://www.equipdirect.com/blackgatorgrippremiumanti-sliptaperoll.aspx,"Jul 12, 2019"
http://www.equipdirect.com/cautionkeepaway10x14040alum-c531ab.aspx,"Jul 12, 2019"
http://www.equipdirect.com/imosymbolgasdetector6x6glowvinyllaminated-imo142p.aspx,"Jul 12, 2019"
http://www.equipdirect.com/labelgraphicforwearmask4indiapsvinyl-iso408ap.aspx,"Jul 12, 2019"
http://www.equipdirect.com/hook-and-loop-mesh-lime-vest.aspx,"Jul 12, 2019"
http://www.equipdirect.com/allvisitorsmustsigninhereoctagon12x12rigidplastic-ss2r.aspx,"Jul 12, 2019"
http://www.equipdirect.com/safetyfirstuseproperliftingtechniques7x10psvinyl-sf134p.aspx,"Jul 12, 2019"
http://www.equipdirect.com/3asafety-ic1000-series-incident-command-vest.aspx,"Jul 12, 2019"
http://www.equipdirect.com/hazardousmaterialsclassificationsign14x10040alum-hm14ab.aspx,"Jul 12, 2019"
http://www.equipdirect.com/dangerdonotstartengine10x14rigidplastic-d507rb.aspx,"Jul 12, 2019"
http://www.equipdirect.com/FlameResistantFRandWeldingClothing.aspx,"Jul 12, 2019"
http://www.equipdirect.com/noticeturnoffwhennotinuse3x5psvinyl5pk-n369ap.aspx,"Jul 12, 2019"
http://www.equipdirect.com/containerlabelspaintthinner-flammable314x5psvinyl10pk-hc291.aspx,"Jul 12, 2019"
http://www.equipdirect.com/stencilletterd8-pmc8-d.aspx,"Jul 12, 2019"
http://www.equipdirect.com/noticecleanequipmentafteruse10x14psvinyl-n124pb.aspx,"Jul 12, 2019"
http://www.equipdirect.com/F4600G-GRIPBlackNitrileMicro-FoamPalmCoatedGlove.aspx,"Jul 12, 2019"
http://www.equipdirect.com/quickdamwater-gate-2.aspx,"Jul 12, 2019"
http://www.equipdirect.com/EVAfoamKneePads.aspx,"Jul 12, 2019"
http://www.equipdirect.com/4926hppegraypolyethyleneshellwith13gaugegraypolyurthanecoatedpalmdozen.aspx,"Jul 12, 2019"
http://www.equipdirect.com/631fullbodyharnesswithabuiltinlifejacket.aspx,"Jul 11, 2019"
http://www.equipdirect.com/cautionkeepaway10x14psvinyl-c531pb.aspx,"Jul 11, 2019"
http://www.equipdirect.com/AllSportZeroPowderSticks0.1oz250Sticks.aspx,"Jul 11, 2019"
http://www.equipdirect.com/righttoknowlabelswriteonnfpa4x4psvinyl250roll-hms14alv.aspx,"Jul 10, 2019"
http://www.equipdirect.com/3M-60921-Replacement-Cartridge/Filter-Organic-Vapor/P100.aspx,"Jul 10, 2019"
http://www.equipdirect.com/JohnTillman4124LeatherAprons-Waistapronw/heavy-dutywaiststrap.aspx,"Jul 10, 2019"
http://www.equipdirect.com/discount-safety-supplies.aspx,"Jul 9, 2019"
http://www.equipdirect.com/thermo-coolneckwrap.aspx,"Jul 8, 2019"
http://www.equipdirect.com/restrictedareanounauthorizedpersonnelbeyondthispoint10x14040alum-ra22ab.aspx,"Jul 8, 2019"
http://www.equipdirect.com/tecnuextremepoisonivyscrubandtreatment4oztube.aspx,"Jul 7, 2019"
http://www.equipdirect.com/stencilletterg36-pmc36-g.aspx,"Jul 6, 2019"
http://www.equipdirect.com/avisopersonalautorizadosolamente10x14psvinyl-spn34pb.aspx,"Jul 4, 2019"
http://www.equipdirect.com/postercprguidelines24x18-pst004.aspx,"Jul 4, 2019"
http://www.equipdirect.com/imosymbolflamedetector6x6glowvinyllaminated-imo109p.aspx,"Jul 4, 2019"
http://www.equipdirect.com/northflexdurotasknaturalrubber-coatedpolycottongloves-naturalrubber-coatedpolycottongloves.aspx,"Jul 4, 2019"
http://www.equipdirect.com/back-support-belts.aspx,"Jul 4, 2019"
http://www.equipdirect.com/safetygoggles-perforatedgogglewithrubberstrap.aspx,"Jul 4, 2019"
http://www.equipdirect.com/noticekeepdoorclosedatalltimesgraphic10x14040alum-n291ab.aspx,"Jul 4, 2019"
http://www.equipdirect.com/posterforkliftsafety18x24laminated-pst111.aspx,"Jul 4, 2019"
http://www.equipdirect.com/containerlabelsdeionizedwater612x10psvinyl-hc338p.aspx,"Jul 4, 2019"
http://www.equipdirect.com/arearestringidasoloempleadosautorizados10x14040alum-spra4ab.aspx,"Jul 4, 2019"
http://www.equipdirect.com/hardhatemblemsafetyitsmyjob2diapsvinyl25pk-hh77.aspx,"Jul 3, 2019"
http://www.equipdirect.com/safetyfirstdonotwearlooseclothinghere10x14rigidplastic-sf11rb.aspx,"Jul 3, 2019"
http://www.equipdirect.com/electrician-safety-glasses.aspx,"Jul 3, 2019"
http://www.equipdirect.com/safetyfirstputtoolsbackintheirproperplace10x14psvinyl-sf132pb.aspx,"Jul 3, 2019"
http://www.equipdirect.com/74709tb8twin9minisrdfor100tie-offwithswiveleyecarabinerwithalignmentclipand5ktie-backcarabiner.aspx,"Jul 3, 2019"
http://www.equipdirect.com/arearestringidasoloempleadosautorizados10x14rigidplastic-spra4rb.aspx,"Jul 3, 2019"
http://www.equipdirect.com/incaseoffireinstructionsforhospitalwgraphic7x7rigidplastic-s35r.aspx,"Jul 3, 2019"
http://www.equipdirect.com/containerlabelsbleachsolution314x5psvinyl10pk-hc215.aspx,"Jul 3, 2019"
http://www.equipdirect.com/imosymbolsecondaryescape6x6glowrigidlaminated-imo190r.aspx,"Jul 3, 2019"
http://www.equipdirect.com/slipstripsandfallssigns-cautionwatchyourstep.aspx,"Jul 3, 2019"
http://www.equipdirect.com/cuidadouseequipodeproteccion10x14rigidplastic-spc369rb.aspx,"Jul 3, 2019"
http://www.equipdirect.com/hardhademblemmedicalemergencyteam2diapsvinyl-hh48.aspx,"Jul 3, 2019"
http://www.equipdirect.com/ml-kishigo-9203-premium-black-series-long-sleeve-hi-viz-orange-t-shirt.aspx,"Jul 3, 2019"
http://www.equipdirect.com/hardhademblemsafetybeginswithteamwork2diapsvinyl-hh60.aspx,"Jul 3, 2019"
http://www.equipdirect.com/stencilletterd36-pmc36-d.aspx,"Jul 3, 2019"
http://www.equipdirect.com/noticekeepareacleangraphic10x14psvinyl-n290pb.aspx,"Jul 3, 2019"
http://www.equipdirect.com/labelgraphicforwearfootprotection2indiapsvinyl-iso206ap.aspx,"Jul 3, 2019"
http://www.equipdirect.com/cross-armanchoragestrap-cross-armstrap.aspx,"Jul 3, 2019"
http://www.equipdirect.com/quickdamsandlesssandbags12x24.aspx,"Jul 3, 2019"
http://www.equipdirect.com/dangerpinchpointswatchyourhandswgraphic10x7psvinyl-dga19p.aspx,"Jul 3, 2019"
http://www.equipdirect.com/containerlabelsphosphoricacid612x10psvinyl-hc297p.aspx,"Jul 3, 2019"
http://www.equipdirect.com/dangerdonotstartengine10x14psvinyl-d507pb.aspx,"Jul 3, 2019"
http://www.equipdirect.com/restrictedareaunauthorizedpersonskeepout10x14rigidplastic-ra29rb.aspx,"Jul 3, 2019"
http://www.equipdirect.com/labelgraphicforliftinghazard2indiapsvinyl-iso240ap.aspx,"Jul 3, 2019"
http://www.equipdirect.com/4938-X-GRIP-GRAY-POLYURETHANE-PALM-COATED-GLOVE.aspx,"Jul 3, 2019"
http://www.equipdirect.com/noticeemployeesonlybeyondthispoint10x14040alum-n161ab.aspx,"Jul 3, 2019"
http://www.equipdirect.com/containerlabelsmethylethylketone612x10psvinyl-hc271p.aspx,"Jul 3, 2019"
http://www.equipdirect.com/WaterCurbFloodBarriers.aspx,"Jul 3, 2019"
http://www.equipdirect.com/RadiansFP70ResistorDisposableFoamEarplugsUncordedNRR32.aspx,"Jul 3, 2019"
http://www.equipdirect.com/cylinderlabelsoxygen2x514psvinyl25pk-cy106ap.aspx,"Jul 3, 2019"
http://www.equipdirect.com/DisposableEarPlugsHearingProtection.aspx,"Jul 3, 2019"
http://www.equipdirect.com/NMC342749LABELSHYDROSTATICTEST13/4X31/4PSVINYL-H125pk.aspx,"Jul 3, 2019"
http://www.equipdirect.com/MLKishigoB121EnhancedVisibilityRoyalBlueMeshVest.aspx,"Jul 2, 2019"
http://www.equipdirect.com/cautionspeedbump18x12063alum-tm136h.aspx,"Jul 1, 2019"
http://www.equipdirect.com/quickdamfloodgate.aspx,"Jun 29, 2019"
http://www.equipdirect.com/noticethisisadrug-freeworkplace10x14psvinyl-n350pb.aspx,"Jun 29, 2019"
http://www.equipdirect.com/imosymbolprimaryescape6x6glowvinyllaminated-imo189p.aspx,"Jun 29, 2019"
http://www.equipdirect.com/c16726gclass3limegreenbomberjacket.aspx,"Jun 29, 2019"
http://www.equipdirect.com/class-2-vests-hi-visibility.aspx,"Jun 29, 2019"
http://www.equipdirect.com/protective-clothing-work-wear.aspx,"Jun 29, 2019"
http://www.equipdirect.com/parkatyourownrisk18x12063alum-tm56h.aspx,"Jun 29, 2019"
http://www.equipdirect.com/hotelmotelfireemergencyinstructionswgraphic7x7psvinyl-s37p.aspx,"Jun 29, 2019"
http://www.equipdirect.com/1195-Lime-Class2-All-Mesh-Safety-Vest.aspx,"Jun 28, 2019"
http://www.equipdirect.com/safetyfirstuseproperliftingtechniques10x14psvinyl-sf134pb.aspx,"Jun 28, 2019"
http://www.equipdirect.com/dangergasolinenosmoking3x5psvinyl5pk-d388ap.aspx,"Jun 27, 2019"
http://www.equipdirect.com/UltragardUG-BB5000BlackBox5MilBlackNitrileExamPowderFreeGloves.aspx,"Jun 25, 2019"
http://www.equipdirect.com/falltech6040422portableconstructionguardrail-1.aspx,"Jun 23, 2019"